airline,date_of_journey,source,destination,dep_time,arrival_time,duration,total_stops,additional_info,price
Air India,2019-05-24,Kolkata,Banglore,16:50:00,07:55:00,905,1.0,No Info,8576
Indigo,2019-06-03,Delhi,Cochin,15:10:00,20:00:00,290,1.0,No Info,6493
Air India,2019-05-15,Delhi,Cochin,20:40:00,09:25:00,765,1.0,No Info,7480
Multiple Carriers,2019-05-21,Delhi,Cochin,13:05:00,00:55:00,710,1.0,No Info,9486
Spicejet,2019-03-21,Mumbai,Hyderabad,22:45:00,00:10:00,85,0.0,No Info,1759
Indigo,2019-06-18,Kolkata,Banglore,22:15:00,00:50:00,155,0.0,No Info,4804
Jet Airways,2019-03-18,Mumbai,Hyderabad,10:20:00,11:50:00,90,0.0,No Info,8040
Indigo,2019-03-18,Kolkata,Banglore,15:20:00,17:55:00,155,0.0,No Info,4462
Jet Airways,2019-05-09,Delhi,Cochin,09:40:00,19:00:00,560,2.0,In-flight meal not included,13029
Jet Airways,2019-05-15,Kolkata,Banglore,18:55:00,04:40:00,585,1.0,In-flight meal not included,9663
Indigo,2019-04-24,Kolkata,Banglore,19:35:00,23:15:00,220,1.0,No Info,4226
Indigo,2019-03-21,Delhi,Cochin,09:10:00,01:35:00,985,1.0,No Info,8765
Air India,2019-04-09,Delhi,Cochin,12:55:00,19:15:00,1820,2.0,No Info,9968
Indigo,2019-06-21,Banglore,Delhi,00:25:00,03:15:00,170,0.0,No Info,3419
Multiple Carriers,2019-06-03,Delhi,Cochin,08:30:00,19:00:00,630,1.0,No Info,11200
Indigo,2019-03-24,Banglore,New Delhi,18:25:00,21:20:00,175,0.0,No Info,7303
Air India,2019-06-09,Mumbai,Hyderabad,15:00:00,16:25:00,85,0.0,No Info,3100
Air Asia,2019-05-24,Banglore,Delhi,11:10:00,13:55:00,165,0.0,No Info,3383
Vistara,2019-04-15,Delhi,Cochin,14:40:00,17:50:00,190,0.0,No Info,6216
Spicejet,2019-06-09,Chennai,Kolkata,09:45:00,12:00:00,135,0.0,No Info,3597
Indigo,2019-03-21,Delhi,Cochin,07:35:00,21:20:00,825,2.0,No Info,6494
Indigo,2019-05-03,Banglore,Delhi,18:25:00,21:20:00,175,0.0,No Info,4823
Indigo,2019-03-06,Delhi,Cochin,09:10:00,21:00:00,710,1.0,No Info,14871
Vistara,2019-06-27,Banglore,Delhi,09:45:00,12:35:00,170,0.0,No Info,4668
Multiple Carriers,2019-05-18,Delhi,Cochin,08:30:00,19:15:00,645,1.0,No Info,7887
Jet Airways,2019-05-09,Delhi,Cochin,13:00:00,19:00:00,360,1.0,In-flight meal not included,12373
Jet Airways,2019-05-01,Kolkata,Banglore,16:30:00,10:05:00,1055,1.0,In-flight meal not included,8586
Air India,2019-06-01,Delhi,Cochin,06:50:00,07:40:00,1490,2.0,No Info,15481
Air Asia,2019-03-15,Kolkata,Banglore,10:20:00,12:55:00,155,0.0,No Info,4384
Jet Airways,2019-04-01,Delhi,Cochin,18:15:00,12:35:00,1100,1.0,In-flight meal not included,5406
Indigo,2019-03-24,Banglore,New Delhi,22:20:00,01:10:00,170,0.0,No Info,4377
Jet Airways,2019-05-21,Delhi,Cochin,02:15:00,04:25:00,1570,1.0,In-flight meal not included,12898
Air India,2019-05-18,Delhi,Cochin,09:45:00,23:00:00,795,1.0,No Info,8907
Spicejet,2019-05-01,Kolkata,Banglore,17:10:00,19:40:00,150,0.0,No check-in baggage included,3841
Multiple Carriers,2019-06-27,Delhi,Cochin,19:00:00,01:30:00,390,1.0,No Info,6795
Multiple Carriers,2019-06-12,Delhi,Cochin,09:45:00,16:10:00,385,1.0,No Info,9646
Air Asia,2019-06-12,Delhi,Cochin,07:55:00,15:45:00,470,1.0,No Info,6152
Jet Airways,2019-03-24,Mumbai,Hyderabad,19:35:00,21:05:00,90,0.0,In-flight meal not included,2470
Air Asia,2019-06-24,Delhi,Cochin,20:45:00,06:35:00,590,1.0,No Info,6152
Indigo,2019-06-01,Delhi,Cochin,14:25:00,17:40:00,195,0.0,No Info,6015
Air India,2019-06-27,Delhi,Cochin,18:45:00,19:15:00,1470,2.0,No Info,11942
Multiple Carriers,2019-03-09,Delhi,Cochin,06:00:00,19:45:00,825,1.0,No Info,13941
Spicejet,2019-05-24,Kolkata,Banglore,17:10:00,19:40:00,150,0.0,No Info,4174
Jet Airways,2019-05-21,Delhi,Cochin,16:00:00,19:00:00,1620,1.0,No Info,16079
Indigo,2019-03-03,Delhi,Cochin,09:10:00,01:35:00,985,1.0,No Info,14871
Jet Airways,2019-03-06,Banglore,New Delhi,20:35:00,07:40:00,665,1.0,No Info,16736
Spicejet,2019-05-24,Banglore,Delhi,09:30:00,12:20:00,170,0.0,No Info,3625
Jet Airways,2019-04-18,Banglore,Delhi,15:15:00,18:10:00,175,0.0,In-flight meal not included,5198
Multiple Carriers,2019-05-27,Delhi,Cochin,09:00:00,21:00:00,720,1.0,No Info,13587
Jet Airways,2019-04-09,Banglore,Delhi,19:50:00,22:50:00,180,0.0,In-flight meal not included,4544
Multiple Carriers,2019-04-09,Delhi,Cochin,08:00:00,19:00:00,660,1.0,No Info,11142
Air India,2019-03-12,Banglore,New Delhi,17:25:00,23:25:00,1800,2.0,No Info,12725
Air Asia,2019-05-18,Banglore,Delhi,04:55:00,07:45:00,170,0.0,No Info,4282
Multiple Carriers,2019-06-24,Delhi,Cochin,04:55:00,19:00:00,845,1.0,No Info,10678
Vistara,2019-03-09,Banglore,New Delhi,11:30:00,14:10:00,160,0.0,No Info,9918
Jet Airways,2019-05-01,Kolkata,Banglore,17:00:00,14:25:00,1285,1.0,In-flight meal not included,9314
Multiple Carriers,2019-05-15,Delhi,Cochin,10:00:00,19:15:00,555,1.0,No Info,14323
Spicejet,2019-03-06,Delhi,Cochin,06:10:00,11:20:00,310,1.0,No Info,9748
Indigo,2019-03-24,Kolkata,Banglore,17:15:00,20:00:00,165,0.0,No Info,6565
Multiple Carriers,2019-06-09,Delhi,Cochin,14:00:00,21:00:00,420,1.0,No Info,13587
Jet Airways,2019-06-12,Mumbai,Hyderabad,10:20:00,11:50:00,90,0.0,In-flight meal not included,4995
Spicejet,2019-04-27,Kolkata,Banglore,17:10:00,19:40:00,150,0.0,No check-in baggage included,3841
Spicejet,2019-06-21,Mumbai,Hyderabad,13:15:00,14:45:00,90,0.0,No check-in baggage included,1965
Indigo,2019-06-12,Delhi,Cochin,17:05:00,22:25:00,320,1.0,No Info,6147
Indigo,2019-03-06,Delhi,Cochin,07:35:00,12:00:00,265,1.0,No Info,7725
Jet Airways,2019-05-21,Delhi,Cochin,05:30:00,19:00:00,810,2.0,No Info,15129
Jet Airways,2019-06-01,Delhi,Cochin,09:40:00,12:35:00,1615,2.0,In-flight meal not included,10368
Air Asia,2019-05-01,Banglore,Delhi,04:55:00,07:45:00,170,0.0,No Info,4282
Indigo,2019-05-15,Delhi,Cochin,14:20:00,22:30:00,490,1.0,No Info,6412
Spicejet,2019-03-01,Chennai,Kolkata,08:20:00,10:35:00,135,0.0,No Info,7298
Air India,2019-03-03,Kolkata,Banglore,14:15:00,16:45:00,150,0.0,No Info,13885
Jet Airways,2019-04-24,Banglore,Delhi,07:10:00,10:10:00,180,0.0,No Info,7229
Spicejet,2019-05-27,Kolkata,Banglore,09:00:00,11:25:00,145,0.0,No check-in baggage included,3841
Jet Airways,2019-05-24,Kolkata,Banglore,14:05:00,16:20:00,1575,1.0,In-flight meal not included,10844
Jet Airways,2019-06-03,Delhi,Cochin,02:15:00,12:35:00,620,1.0,No Info,14714
Air India,2019-05-06,Kolkata,Banglore,05:50:00,12:00:00,1810,2.0,No Info,11883
Jet Airways,2019-05-12,Kolkata,Banglore,21:10:00,10:05:00,775,1.0,In-flight meal not included,8586
Jet Airways,2019-06-01,Delhi,Cochin,19:15:00,12:35:00,1040,1.0,In-flight meal not included,10262
Air India,2019-06-06,Kolkata,Banglore,17:30:00,20:25:00,1615,1.0,No Info,10413
Air India,2019-06-18,Mumbai,Hyderabad,15:00:00,16:25:00,85,0.0,No Info,3100
Jet Airways,2019-05-12,Kolkata,Banglore,16:30:00,22:35:00,365,1.0,No Info,14781
Jet Airways,2019-06-09,Delhi,Cochin,21:35:00,12:35:00,900,2.0,No Info,13882
Jet Airways,2019-05-21,Delhi,Cochin,09:50:00,13:05:00,195,0.0,In-flight meal not included,7202
Spicejet,2019-03-24,Banglore,New Delhi,09:35:00,12:30:00,175,0.0,No check-in baggage included,4273
Jet Airways,2019-04-01,Delhi,Cochin,16:00:00,12:35:00,1235,1.0,In-flight meal not included,5406
Indigo,2019-05-06,Mumbai,Hyderabad,19:05:00,20:35:00,90,0.0,No Info,2754
Jet Airways,2019-03-12,Banglore,New Delhi,18:55:00,18:25:00,1410,1.0,In-flight meal not included,11087
Indigo,2019-06-06,Kolkata,Banglore,15:15:00,20:30:00,315,1.0,No Info,5170
Multiple Carriers,2019-06-24,Delhi,Cochin,08:00:00,21:00:00,780,1.0,No Info,13797
Jet Airways,2019-06-12,Delhi,Cochin,20:55:00,04:25:00,450,1.0,In-flight meal not included,10262
Jet Airways,2019-05-09,Banglore,Delhi,18:55:00,22:00:00,185,0.0,No Info,7229
Indigo,2019-06-15,Delhi,Cochin,21:50:00,03:35:00,345,1.0,No Info,6195
Multiple Carriers,2019-06-01,Delhi,Cochin,18:00:00,01:30:00,450,1.0,No Info,7933
Jet Airways,2019-06-24,Delhi,Cochin,05:30:00,19:00:00,810,2.0,No Info,13014
Indigo,2019-06-01,Kolkata,Banglore,17:15:00,19:50:00,155,0.0,No Info,5224
Jet Airways,2019-06-12,Kolkata,Banglore,08:25:00,10:05:00,1540,1.0,In-flight meal not included,8529
Jet Airways,2019-04-27,Banglore,Delhi,11:10:00,14:05:00,175,0.0,No Info,7229
Jet Airways,2019-06-03,Delhi,Cochin,22:50:00,04:25:00,335,1.0,In-flight meal not included,10262
Multiple Carriers,2019-03-27,Delhi,Cochin,15:05:00,01:35:00,630,1.0,No Info,12327
Air India,2019-04-01,Kolkata,Banglore,07:00:00,05:25:00,1345,2.0,No Info,12219
Jet Airways,2019-06-03,Delhi,Cochin,16:00:00,04:25:00,745,1.0,In-flight meal not included,10262
Jet Airways,2019-06-12,Banglore,Delhi,07:10:00,10:10:00,180,0.0,In-flight meal not included,5769
Air India,2019-03-15,Banglore,New Delhi,08:50:00,23:15:00,865,1.0,No Info,8714
Goair,2019-04-12,Banglore,Delhi,11:40:00,14:30:00,170,0.0,No Info,4937
Jet Airways,2019-05-15,Kolkata,Banglore,20:25:00,18:00:00,1295,1.0,No Info,14151
Jet Airways,2019-06-03,Delhi,Cochin,19:45:00,12:35:00,1010,1.0,In-flight meal not included,10262
Multiple Carriers,2019-05-15,Delhi,Cochin,17:30:00,01:30:00,480,1.0,No Info,13727
Indigo,2019-05-15,Delhi,Cochin,15:00:00,01:30:00,630,1.0,No Info,7191
Vistara,2019-03-01,Banglore,New Delhi,11:30:00,14:10:00,160,0.0,No Info,12648
Air India,2019-05-18,Kolkata,Banglore,05:50:00,12:30:00,1840,2.0,No Info,12723
Indigo,2019-03-03,Banglore,New Delhi,07:10:00,10:05:00,175,0.0,No Info,6860
Goair,2019-04-01,Delhi,Cochin,10:35:00,19:35:00,540,1.0,No Info,5281
Jet Airways,2019-06-12,Kolkata,Banglore,14:05:00,04:40:00,875,1.0,In-flight meal not included,7594
Multiple Carriers,2019-03-09,Delhi,Cochin,13:15:00,21:20:00,485,2.0,No Info,11560
Jet Airways,2019-05-09,Kolkata,Banglore,16:30:00,23:35:00,425,1.0,No Info,14781
Indigo,2019-04-09,Banglore,Delhi,04:00:00,06:50:00,170,0.0,No Info,3943
Air India,2019-03-01,Banglore,New Delhi,17:00:00,12:15:00,1155,1.0,No Info,10246
Indigo,2019-06-01,Mumbai,Hyderabad,02:35:00,04:05:00,90,0.0,No Info,3175
Goair,2019-06-06,Banglore,Delhi,20:55:00,23:40:00,165,0.0,No Info,3419
Jet Airways,2019-06-01,Delhi,Cochin,21:50:00,04:25:00,395,1.0,In-flight meal not included,10262
Jet Airways,2019-06-03,Delhi,Cochin,14:35:00,12:35:00,1320,2.0,In-flight meal not included,10919
Jet Airways,2019-03-06,Delhi,Cochin,08:00:00,04:25:00,1225,1.0,In-flight meal not included,13843
Jet Airways,2019-06-27,Delhi,Cochin,14:35:00,12:35:00,1320,2.0,No Info,13376
Jet Airways,2019-04-15,Banglore,Delhi,06:00:00,08:45:00,165,0.0,No Info,7229
Air India,2019-03-21,Delhi,Cochin,09:45:00,09:25:00,1420,2.0,No Info,8140
Jet Airways,2019-05-06,Kolkata,Banglore,09:35:00,21:05:00,690,1.0,In-flight meal not included,10703
Air Asia,2019-05-15,Delhi,Cochin,20:45:00,07:10:00,625,1.0,No Info,6853
Indigo,2019-06-09,Delhi,Cochin,21:50:00,03:35:00,345,1.0,No Info,6195
Indigo,2019-05-27,Delhi,Cochin,02:00:00,07:25:00,325,1.0,No Info,7164
Indigo,2019-05-18,Delhi,Cochin,10:35:00,01:30:00,895,1.0,No Info,7503
Indigo,2019-05-06,Kolkata,Banglore,09:35:00,12:20:00,165,0.0,No Info,4804
Air India,2019-05-09,Delhi,Cochin,07:05:00,09:25:00,1580,2.0,No Info,9347
Jet Airways,2019-03-12,Banglore,New Delhi,22:55:00,10:45:00,710,1.0,In-flight meal not included,11087
Multiple Carriers,2019-05-15,Delhi,Cochin,06:40:00,19:15:00,755,1.0,No Info,7787
Air India,2019-03-03,Delhi,Cochin,19:45:00,19:15:00,1410,2.0,No Info,12856
Spicejet,2019-05-06,Kolkata,Banglore,09:00:00,11:25:00,145,0.0,No Info,4174
Jet Airways,2019-06-27,Delhi,Cochin,14:35:00,12:35:00,1320,2.0,In-flight meal not included,10919
Air India,2019-05-18,Kolkata,Banglore,16:50:00,05:35:00,765,2.0,No Info,11642
Spicejet,2019-05-18,Kolkata,Banglore,17:10:00,19:40:00,150,0.0,No Info,4174
Spicejet,2019-03-27,Kolkata,Banglore,09:00:00,11:30:00,150,0.0,No check-in baggage included,3815
Vistara,2019-06-12,Kolkata,Banglore,07:10:00,20:20:00,790,1.0,No Info,8610
Multiple Carriers,2019-05-24,Delhi,Cochin,13:00:00,21:00:00,480,1.0,No Info,14067
Air India,2019-03-06,Mumbai,Hyderabad,11:35:00,19:25:00,1910,2.0,No Info,17926
Vistara,2019-06-06,Chennai,Kolkata,07:05:00,09:20:00,135,0.0,No Info,3687
Air India,2019-03-01,Banglore,New Delhi,10:30:00,11:20:00,1490,1.0,No Info,11528
Multiple Carriers,2019-06-09,Delhi,Cochin,18:15:00,01:30:00,435,1.0,No Info,13587
Spicejet,2019-05-24,Banglore,Delhi,05:55:00,08:35:00,160,0.0,No Info,3311
Air India,2019-03-24,Kolkata,Banglore,05:55:00,23:15:00,2480,2.0,No Info,13990
Multiple Carriers,2019-05-27,Delhi,Cochin,17:00:00,01:30:00,510,1.0,No Info,7198
Air India,2019-05-12,Banglore,Delhi,13:20:00,16:10:00,170,0.0,No Info,6121
Jet Airways,2019-04-03,Mumbai,Hyderabad,10:20:00,11:50:00,90,0.0,In-flight meal not included,3205
Goair,2019-04-15,Delhi,Cochin,10:35:00,19:35:00,540,1.0,No Info,5752
Jet Airways,2019-05-12,Kolkata,Banglore,06:30:00,12:00:00,330,1.0,No Info,13941
Vistara,2019-06-24,Delhi,Cochin,06:00:00,09:10:00,190,0.0,No Info,6216
Multiple Carriers,2019-03-06,Delhi,Cochin,07:05:00,21:00:00,835,1.0,No Info,17267
Indigo,2019-06-15,Kolkata,Banglore,15:15:00,17:45:00,150,0.0,No Info,4804
Indigo,2019-03-06,Delhi,Cochin,08:35:00,21:20:00,765,2.0,No Info,7682
Multiple Carriers,2019-05-27,Delhi,Cochin,07:00:00,19:00:00,720,1.0,No Info,10407
Multiple Carriers,2019-06-09,Delhi,Cochin,19:00:00,01:30:00,390,1.0,No Info,7530
Air India,2019-03-03,Banglore,New Delhi,12:00:00,10:35:00,1355,3.0,No Info,12358
Jet Airways,2019-05-09,Delhi,Cochin,09:00:00,19:00:00,600,1.0,No Info,15554
Indigo,2019-04-12,Kolkata,Banglore,15:30:00,18:05:00,155,0.0,No Info,4174
Indigo,2019-04-27,Kolkata,Banglore,20:20:00,22:55:00,155,0.0,No Info,4804
Indigo,2019-03-09,Banglore,New Delhi,15:40:00,20:35:00,295,1.0,No Info,5226
Jet Airways,2019-06-24,Delhi,Cochin,17:30:00,12:35:00,1145,1.0,In-flight meal not included,10262
Air India,2019-05-09,Kolkata,Banglore,05:50:00,20:25:00,875,2.0,No Info,10991
Jet Airways,2019-03-01,Banglore,New Delhi,08:00:00,16:10:00,490,1.0,No Info,22270
Air India,2019-05-21,Kolkata,Banglore,10:00:00,20:25:00,625,1.0,No Info,11096
Multiple Carriers,2019-06-09,Delhi,Cochin,10:00:00,01:30:00,930,1.0,No Info,13377
Jet Airways,2019-06-21,Banglore,Delhi,18:55:00,22:00:00,185,0.0,No Info,8541
Indigo,2019-03-03,Delhi,Cochin,06:40:00,13:20:00,400,1.0,No Info,14871
Indigo,2019-05-24,Delhi,Cochin,14:20:00,22:30:00,490,1.0,No Info,7640
Jet Airways,2019-05-15,Kolkata,Banglore,09:35:00,14:25:00,1730,1.0,No Info,11467
Jet Airways,2019-06-01,Delhi,Cochin,06:45:00,04:25:00,1300,2.0,No Info,13376
Air India,2019-05-15,Delhi,Cochin,17:15:00,19:15:00,1560,2.0,No Info,13039
Indigo,2019-03-09,Banglore,New Delhi,10:05:00,13:00:00,175,0.0,No Info,6860
Indigo,2019-03-18,Kolkata,Banglore,17:15:00,19:55:00,160,0.0,No Info,4462
Jet Airways,2019-03-09,Delhi,Cochin,17:25:00,18:50:00,1525,1.0,No Info,16289
Air India,2019-05-18,Delhi,Cochin,17:15:00,07:40:00,865,2.0,No Info,12199
Jet Airways,2019-04-01,Kolkata,Banglore,20:00:00,12:00:00,960,1.0,In-flight meal not included,7064
Jet Airways,2019-06-06,Delhi,Cochin,13:00:00,19:00:00,360,1.0,No Info,14714
Multiple Carriers,2019-05-21,Delhi,Cochin,07:05:00,21:00:00,835,1.0,In-flight meal not included,9930
Jet Airways,2019-06-06,Kolkata,Banglore,08:25:00,04:40:00,1215,1.0,No Info,13731
Jet Airways,2019-03-09,Delhi,Cochin,16:00:00,18:50:00,1610,1.0,In-flight meal not included,14053
Air India,2019-05-21,Delhi,Cochin,05:10:00,08:00:00,170,0.0,No Info,6094
Jet Airways,2019-06-27,Delhi,Cochin,14:00:00,19:00:00,300,1.0,No Info,14714
Indigo,2019-06-12,Mumbai,Hyderabad,06:25:00,07:55:00,90,0.0,No Info,4049
Jet Airways,2019-06-06,Kolkata,Banglore,09:35:00,18:00:00,505,1.0,No Info,12692
Jet Airways,2019-06-03,Delhi,Cochin,19:30:00,12:35:00,1025,2.0,In-flight meal not included,10368
Jet Airways,2019-05-24,Kolkata,Banglore,18:55:00,08:15:00,800,1.0,In-flight meal not included,8586
Jet Airways,2019-06-12,Kolkata,Banglore,08:25:00,04:40:00,1215,1.0,In-flight meal not included,6224
Air India,2019-04-09,Delhi,Cochin,05:10:00,08:00:00,170,0.0,No Info,4729
Air India,2019-05-12,Kolkata,Banglore,16:45:00,12:30:00,1185,2.0,No Info,14330
Indigo,2019-06-21,Chennai,Kolkata,05:15:00,07:40:00,145,0.0,No Info,3540
Air India,2019-06-15,Delhi,Cochin,06:10:00,23:00:00,1010,1.0,No Info,8907
Air India,2019-03-06,Delhi,Cochin,05:55:00,19:15:00,800,2.0,No Info,13748
Jet Airways,2019-05-09,Kolkata,Banglore,14:05:00,23:35:00,570,1.0,No Info,14781
Jet Airways,2019-06-06,Kolkata,Banglore,08:25:00,19:50:00,685,1.0,In-flight meal not included,10844
Indigo,2019-04-21,Banglore,Delhi,06:05:00,08:50:00,165,0.0,No Info,4423
Air India,2019-04-03,Banglore,Delhi,17:00:00,19:45:00,165,0.0,No Info,5176
Jet Airways,2019-03-21,Delhi,Cochin,13:00:00,04:25:00,925,1.0,In-flight meal not included,7438
Jet Airways,2019-05-01,Kolkata,Banglore,14:05:00,23:35:00,570,1.0,No Info,14781
Air India,2019-06-09,Kolkata,Banglore,09:25:00,18:30:00,545,1.0,No Info,8576
Indigo,2019-06-15,Kolkata,Banglore,17:15:00,19:50:00,155,0.0,No Info,4804
Multiple Carriers,2019-05-15,Delhi,Cochin,11:30:00,21:00:00,570,1.0,No Info,13727
Jet Airways,2019-06-15,Mumbai,Hyderabad,19:35:00,21:05:00,90,0.0,No Info,5678
Spicejet,2019-05-01,Kolkata,Banglore,09:00:00,11:25:00,145,0.0,No Info,4174
Indigo,2019-04-01,Kolkata,Banglore,17:35:00,22:15:00,280,1.0,No Info,5699
Indigo,2019-03-24,Banglore,New Delhi,10:10:00,13:00:00,170,0.0,No Info,10067
Vistara,2019-05-21,Kolkata,Banglore,20:20:00,09:05:00,765,1.0,No Info,8452
Air India,2019-05-15,Kolkata,Banglore,07:00:00,05:25:00,1345,2.0,No Info,14424
Air India,2019-05-18,Delhi,Cochin,12:00:00,07:40:00,1180,2.0,No Info,8603
Jet Airways,2019-06-06,Kolkata,Banglore,20:25:00,09:45:00,800,1.0,In-flight meal not included,10539
Air India,2019-05-18,Delhi,Cochin,10:00:00,07:40:00,1300,1.0,No Info,8372
Jet Airways,2019-05-09,Delhi,Cochin,11:30:00,19:00:00,450,1.0,No Info,15554
Indigo,2019-04-27,Delhi,Cochin,05:05:00,12:10:00,425,1.0,No Info,7160
Jet Airways,2019-05-06,Kolkata,Banglore,17:00:00,18:00:00,1500,1.0,In-flight meal not included,9314
Indigo,2019-05-15,Mumbai,Hyderabad,16:55:00,18:25:00,90,0.0,No Info,3175
Jet Airways,2019-04-01,Mumbai,Hyderabad,19:35:00,21:05:00,90,0.0,No Info,5678
Jet Airways,2019-06-12,Kolkata,Banglore,14:05:00,18:15:00,1690,1.0,In-flight meal not included,8529
Jet Airways,2019-05-18,Kolkata,Banglore,21:10:00,04:40:00,450,1.0,In-flight meal not included,8586
Jet Airways,2019-03-06,Delhi,Cochin,18:15:00,04:25:00,610,1.0,No Info,17024
Spicejet,2019-06-21,Kolkata,Banglore,06:55:00,09:30:00,155,0.0,No Info,3873
Air India,2019-06-18,Mumbai,Hyderabad,06:20:00,07:40:00,80,0.0,No Info,3100
Jet Airways,2019-04-01,Kolkata,Banglore,18:55:00,12:00:00,1025,1.0,In-flight meal not included,7064
Multiple Carriers,2019-06-27,Delhi,Cochin,18:00:00,01:30:00,450,1.0,No Info,7198
Indigo,2019-04-09,Banglore,Delhi,16:55:00,19:55:00,180,0.0,No Info,4823
Air Asia,2019-04-18,Kolkata,Banglore,19:55:00,22:25:00,150,0.0,No Info,4409
Multiple Carriers,2019-06-15,Delhi,Cochin,13:00:00,21:00:00,480,1.0,No Info,7408
Indigo,2019-03-01,Delhi,Cochin,04:55:00,21:20:00,985,2.0,No Info,10278
Jet Airways,2019-06-24,Delhi,Cochin,09:00:00,19:00:00,600,1.0,No Info,18371
Jet Airways,2019-06-15,Delhi,Cochin,09:35:00,04:25:00,1130,2.0,No Info,13292
Indigo,2019-05-18,Banglore,Delhi,23:30:00,02:20:00,170,0.0,No Info,4591
Jet Airways,2019-05-18,Kolkata,Banglore,20:00:00,22:35:00,1595,1.0,In-flight meal not included,10844
Air India,2019-05-09,Kolkata,Banglore,20:30:00,08:55:00,745,1.0,No Info,10203
Jet Airways,2019-04-09,Delhi,Cochin,09:25:00,04:25:00,1140,2.0,No Info,11546
Air India,2019-03-03,Banglore,New Delhi,13:20:00,16:10:00,170,0.0,No Info,10216
Air India,2019-06-24,Delhi,Cochin,10:55:00,07:40:00,1245,2.0,No Info,11753
Jet Airways,2019-05-21,Delhi,Cochin,20:55:00,04:25:00,450,1.0,In-flight meal not included,12898
Indigo,2019-06-27,Delhi,Cochin,07:15:00,12:30:00,315,1.0,No Info,6582
Multiple Carriers,2019-03-27,Delhi,Cochin,13:00:00,21:00:00,480,1.0,No Info,12537
Indigo,2019-06-06,Chennai,Kolkata,13:15:00,15:35:00,140,0.0,No Info,3597
Jet Airways,2019-05-27,Delhi,Cochin,19:15:00,19:00:00,1425,1.0,No Info,16079
Air India,2019-05-18,Banglore,Delhi,10:00:00,12:45:00,165,0.0,No Info,6961
Indigo,2019-06-24,Mumbai,Hyderabad,20:05:00,21:40:00,95,0.0,No Info,2227
Jet Airways,2019-03-15,Banglore,New Delhi,14:05:00,08:15:00,1090,1.0,In-flight meal not included,9134
Jet Airways,2019-06-09,Delhi,Cochin,16:00:00,04:25:00,745,1.0,In-flight meal not included,10577
Spicejet,2019-06-18,Chennai,Kolkata,09:45:00,12:00:00,135,0.0,No check-in baggage included,3543
Indigo,2019-03-24,Banglore,New Delhi,21:20:00,00:15:00,175,0.0,No Info,4777
Indigo,2019-03-21,Delhi,Cochin,14:30:00,17:35:00,185,0.0,No Info,5406
Vistara,2019-06-24,Chennai,Kolkata,07:45:00,10:00:00,135,0.0,No Info,3687
Multiple Carriers,2019-06-09,Delhi,Cochin,11:40:00,21:00:00,560,1.0,No Info,7005
Jet Airways,2019-03-24,Kolkata,Banglore,08:25:00,23:25:00,900,1.0,No Info,13759
Jet Airways,2019-05-24,Mumbai,Hyderabad,02:55:00,04:20:00,85,0.0,In-flight meal not included,4995
Indigo,2019-04-01,Kolkata,Banglore,18:05:00,23:30:00,325,1.0,No Info,6284
Air India,2019-05-01,Kolkata,Banglore,16:45:00,21:05:00,1700,1.0,No Info,7452
Indigo,2019-06-03,Mumbai,Hyderabad,12:00:00,13:30:00,90,0.0,No Info,2754
Jet Airways,2019-06-09,Kolkata,Banglore,20:00:00,09:20:00,800,1.0,In-flight meal not included,11841
Jet Airways,2019-06-12,Kolkata,Banglore,17:00:00,14:25:00,1285,1.0,No Info,12692
Indigo,2019-06-06,Delhi,Cochin,07:15:00,12:30:00,315,1.0,No Info,6582
Spicejet,2019-06-24,Delhi,Cochin,08:45:00,13:15:00,270,1.0,No Info,4812
Jet Airways,2019-05-24,Kolkata,Banglore,18:55:00,09:20:00,865,1.0,In-flight meal not included,10844
Jet Airways,2019-05-18,Kolkata,Banglore,14:05:00,23:35:00,570,1.0,No Info,14781
Indigo,2019-04-12,Kolkata,Banglore,09:35:00,12:20:00,165,0.0,No Info,4174
Goair,2019-06-03,Delhi,Cochin,07:25:00,13:35:00,370,1.0,No Info,6976
Multiple Carriers,2019-05-27,Delhi,Cochin,17:30:00,01:30:00,480,1.0,In-flight meal not included,7308
Jet Airways,2019-06-03,Banglore,Delhi,06:00:00,08:45:00,165,0.0,In-flight meal not included,5769
Spicejet,2019-06-15,Kolkata,Banglore,06:55:00,09:30:00,155,0.0,No check-in baggage included,3841
Multiple Carriers,2019-05-27,Delhi,Cochin,08:45:00,19:15:00,630,1.0,No Info,10051
Jet Airways,2019-06-09,Kolkata,Banglore,06:30:00,23:35:00,1025,1.0,No Info,14571
Goair,2019-04-24,Banglore,Delhi,11:40:00,14:30:00,170,0.0,No Info,3898
Spicejet,2019-06-15,Kolkata,Banglore,14:55:00,17:25:00,150,0.0,No Info,3873
Jet Airways,2019-03-21,Banglore,New Delhi,05:45:00,15:15:00,570,1.0,In-flight meal not included,7832
Jet Airways,2019-05-18,Kolkata,Banglore,18:55:00,18:15:00,1400,1.0,In-flight meal not included,10844
Vistara,2019-04-27,Banglore,Delhi,07:00:00,09:40:00,160,0.0,No Info,5613
Indigo,2019-06-01,Kolkata,Banglore,14:25:00,16:55:00,150,0.0,No Info,6064
Air Asia,2019-04-21,Banglore,Delhi,23:55:00,02:45:00,170,0.0,No Info,4483
Vistara,2019-03-18,Chennai,Kolkata,07:05:00,09:20:00,135,0.0,No Info,4842
Vistara,2019-05-01,Kolkata,Banglore,17:00:00,20:20:00,1640,1.0,No Info,8610
Air India,2019-05-09,Kolkata,Banglore,19:00:00,11:05:00,965,1.0,No Info,6117
Jet Airways,2019-05-21,Kolkata,Banglore,08:25:00,19:50:00,685,1.0,No Info,14781
Air India,2019-05-18,Kolkata,Banglore,14:35:00,14:35:00,1440,1.0,No Info,6528
Air India,2019-06-24,Delhi,Cochin,17:15:00,19:15:00,1560,2.0,No Info,11972
Vistara,2019-04-27,Delhi,Cochin,06:00:00,09:10:00,190,0.0,No Info,6216
Jet Airways,2019-03-01,Banglore,New Delhi,19:55:00,22:35:00,160,0.0,No Info,18308
Jet Airways,2019-03-03,Delhi,Cochin,23:05:00,18:50:00,1185,1.0,No Info,18253
Vistara,2019-03-21,Banglore,New Delhi,16:00:00,18:35:00,155,0.0,No Info,5613
Indigo,2019-03-24,Banglore,New Delhi,04:00:00,06:50:00,170,0.0,No Info,4777
Air India,2019-03-24,Kolkata,Banglore,20:30:00,16:15:00,1185,1.0,No Info,12173
Indigo,2019-03-18,Kolkata,Banglore,22:10:00,00:55:00,165,0.0,No Info,4148
Air India,2019-06-12,Kolkata,Banglore,05:50:00,20:25:00,875,2.0,No Info,12723
Indigo,2019-03-21,Kolkata,Banglore,14:20:00,16:55:00,155,0.0,No Info,5198
Multiple Carriers,2019-06-12,Delhi,Cochin,07:05:00,19:15:00,730,1.0,In-flight meal not included,11667
Jet Airways,2019-05-21,Mumbai,Hyderabad,19:35:00,21:05:00,90,0.0,No Info,5678
Multiple Carriers,2019-06-06,Delhi,Cochin,08:45:00,19:00:00,615,1.0,No Info,12524
Vistara,2019-06-27,Banglore,Delhi,17:00:00,19:35:00,155,0.0,No Info,4878
Jet Airways,2019-05-15,Kolkata,Banglore,09:35:00,22:05:00,750,1.0,No Info,12121
Indigo,2019-03-27,Delhi,Cochin,07:35:00,16:10:00,515,1.0,No Info,6442
Jet Airways,2019-06-06,Kolkata,Banglore,20:00:00,09:20:00,800,1.0,In-flight meal not included,10844
Indigo,2019-05-06,Mumbai,Hyderabad,06:25:00,07:55:00,90,0.0,No Info,4049
Multiple Carriers,2019-03-01,Delhi,Cochin,00:20:00,15:30:00,910,1.0,No Info,23170
Vistara,2019-04-21,Banglore,Delhi,17:00:00,19:35:00,155,0.0,No Info,5613
Jet Airways,2019-03-27,Delhi,Cochin,06:20:00,19:45:00,2245,2.0,In-flight meal not included,9296
Vistara,2019-04-09,Banglore,Delhi,09:45:00,12:35:00,170,0.0,No Info,5403
Jet Airways,2019-06-09,Kolkata,Banglore,20:00:00,16:20:00,1220,1.0,No Info,14571
Multiple Carriers,2019-03-06,Delhi,Cochin,10:45:00,19:15:00,510,1.0,No Info,15077
Vistara,2019-06-24,Banglore,Delhi,07:00:00,09:40:00,160,0.0,No Info,4668
Air India,2019-03-18,Banglore,New Delhi,08:50:00,10:35:00,1545,2.0,No Info,11885
Air India,2019-05-12,Kolkata,Banglore,19:00:00,11:05:00,965,1.0,No Info,6327
Indigo,2019-06-06,Kolkata,Banglore,15:15:00,17:45:00,150,0.0,No Info,4804
Multiple Carriers,2019-05-18,Delhi,Cochin,10:20:00,19:15:00,535,1.0,No Info,8476
Indigo,2019-03-15,Kolkata,Banglore,05:30:00,08:20:00,170,0.0,No Info,4148
Goair,2019-03-01,Banglore,New Delhi,07:45:00,10:40:00,175,0.0,No Info,13663
Jet Airways,2019-05-18,Delhi,Cochin,23:05:00,19:00:00,1195,2.0,No Info,15129
Indigo,2019-03-21,Delhi,Cochin,07:30:00,13:20:00,350,1.0,No Info,9861
Jet Airways,2019-05-18,Delhi,Cochin,22:50:00,04:25:00,335,1.0,In-flight meal not included,12373
Jet Airways,2019-06-12,Delhi,Cochin,09:35:00,12:35:00,1620,2.0,No Info,13292
Jet Airways,2019-06-15,Mumbai,Hyderabad,02:55:00,04:20:00,85,0.0,No Info,5678
Air Asia,2019-06-12,Kolkata,Banglore,22:40:00,10:40:00,720,1.0,No Info,5192
Jet Airways,2019-06-03,Delhi,Cochin,10:00:00,12:35:00,1595,1.0,In-flight meal not included,10262
Jet Airways,2019-03-18,Banglore,New Delhi,14:05:00,05:05:00,900,1.0,No Info,13555
Jet Airways,2019-05-24,Kolkata,Banglore,14:05:00,23:35:00,570,1.0,No Info,14571
Spicejet,2019-03-18,Mumbai,Hyderabad,05:45:00,07:05:00,80,0.0,No check-in baggage included,2385
Indigo,2019-06-01,Kolkata,Banglore,20:20:00,22:55:00,155,0.0,No Info,4804
Air India,2019-03-06,Banglore,New Delhi,08:15:00,22:55:00,880,2.0,No Info,13942
Air India,2019-03-03,Banglore,New Delhi,07:30:00,10:50:00,1640,2.0,No Info,12074
Multiple Carriers,2019-06-03,Delhi,Cochin,07:05:00,19:15:00,730,1.0,No Info,15058
Air India,2019-06-24,Delhi,Cochin,12:00:00,07:40:00,1180,2.0,No Info,9548
Indigo,2019-05-12,Kolkata,Banglore,09:35:00,12:20:00,165,0.0,No Info,4804
Vistara,2019-03-24,Kolkata,Banglore,20:20:00,18:45:00,1345,1.0,No Info,12102
Indigo,2019-06-01,Delhi,Cochin,08:30:00,21:00:00,750,1.0,No Info,6416
Air India,2019-05-24,Kolkata,Banglore,09:50:00,23:15:00,805,2.0,No Info,15170
Multiple Carriers,2019-06-15,Delhi,Cochin,13:00:00,01:30:00,750,1.0,No Info,13377
Indigo,2019-05-09,Kolkata,Banglore,20:20:00,22:55:00,155,0.0,No Info,4804
Air Asia,2019-06-06,Delhi,Cochin,16:45:00,07:10:00,865,1.0,No Info,11410
Multiple Carriers,2019-05-15,Delhi,Cochin,10:00:00,21:00:00,660,1.0,No Info,13727
Air India,2019-06-03,Delhi,Cochin,09:45:00,23:00:00,795,1.0,No Info,8907
Spicejet,2019-05-06,Kolkata,Banglore,06:55:00,09:30:00,155,0.0,No check-in baggage included,3841
Air India,2019-03-06,Mumbai,Hyderabad,13:30:00,16:55:00,205,2.0,No Info,18797
Goair,2019-03-24,Kolkata,Banglore,16:25:00,00:05:00,460,1.0,No Info,10198
Spicejet,2019-06-06,Banglore,Delhi,21:10:00,00:05:00,175,0.0,No Info,3311
Jet Airways,2019-06-09,Delhi,Cochin,21:25:00,19:00:00,1295,2.0,No Info,13292
Multiple Carriers,2019-03-03,Delhi,Cochin,07:10:00,16:10:00,540,1.0,In-flight meal not included,8552
Air India,2019-05-21,Mumbai,Hyderabad,15:00:00,16:25:00,85,0.0,No Info,3100
Air India,2019-06-24,Delhi,Cochin,16:40:00,19:15:00,1595,2.0,No Info,9443
Jet Airways,2019-05-12,Mumbai,Hyderabad,19:35:00,21:05:00,90,0.0,No Info,5678
Indigo,2019-03-24,Chennai,Kolkata,13:20:00,15:35:00,135,0.0,No Info,4752
Spicejet,2019-04-21,Delhi,Cochin,06:05:00,11:20:00,315,1.0,No Info,5583
Jet Airways,2019-04-21,Banglore,Delhi,11:10:00,14:05:00,175,0.0,No Info,7229
Jet Airways,2019-03-06,Mumbai,Hyderabad,20:45:00,16:50:00,1205,1.0,No Info,19595
Air India,2019-05-15,Kolkata,Banglore,10:00:00,13:45:00,1665,2.0,No Info,16057
Jet Airways,2019-03-21,Delhi,Cochin,10:45:00,18:50:00,1925,2.0,No Info,11869
Jet Airways,2019-06-15,Delhi,Cochin,07:05:00,04:25:00,1280,1.0,In-flight meal not included,10262
Spicejet,2019-05-15,Delhi,Cochin,17:55:00,22:50:00,295,1.0,No Info,5409
Indigo,2019-04-27,Delhi,Cochin,14:20:00,17:35:00,195,0.0,No Info,5021
Air India,2019-05-27,Delhi,Cochin,05:15:00,06:50:00,1535,1.0,No Info,8425
Indigo,2019-06-18,Mumbai,Hyderabad,20:05:00,21:40:00,95,0.0,No Info,2227
Air India,2019-03-12,Banglore,New Delhi,07:30:00,11:05:00,1655,2.0,No Info,11602
Indigo,2019-06-09,Delhi,Cochin,16:00:00,01:30:00,570,1.0,No Info,6316
Jet Airways,2019-06-06,Delhi,Cochin,06:45:00,04:25:00,1300,2.0,No Info,13376
Vistara,2019-04-24,Banglore,Delhi,09:45:00,12:35:00,170,0.0,No Info,5403
Jet Airways,2019-06-06,Delhi,Cochin,09:40:00,19:00:00,560,2.0,In-flight meal not included,10368
Multiple Carriers,2019-05-21,Delhi,Cochin,09:00:00,21:00:00,720,1.0,No Info,7888
Vistara,2019-06-09,Kolkata,Banglore,20:20:00,10:45:00,865,1.0,No Info,9397
Jet Airways,2019-05-09,Kolkata,Banglore,08:25:00,09:20:00,1495,1.0,In-flight meal not included,9663
Air India,2019-03-24,Banglore,New Delhi,13:20:00,16:10:00,170,0.0,No Info,7276
Indigo,2019-06-01,Mumbai,Hyderabad,21:20:00,22:50:00,90,0.0,No Info,2227
Indigo,2019-03-06,Delhi,Cochin,11:55:00,21:20:00,565,2.0,No Info,6610
Indigo,2019-04-12,Banglore,Delhi,06:05:00,08:50:00,165,0.0,No Info,4990
Air India,2019-03-03,Banglore,New Delhi,19:10:00,10:35:00,925,2.0,No Info,13355
Jet Airways,2019-03-21,Delhi,Cochin,18:25:00,18:50:00,1465,2.0,No Info,12347
Jet Airways,2019-06-09,Delhi,Cochin,20:55:00,19:00:00,1325,1.0,No Info,14924
Jet Airways,2019-03-21,Delhi,Cochin,15:00:00,18:50:00,1670,1.0,No Info,12767
Jet Airways,2019-05-21,Kolkata,Banglore,08:25:00,18:15:00,590,1.0,In-flight meal not included,10844
Spicejet,2019-06-18,Chennai,Kolkata,17:45:00,20:05:00,140,0.0,No check-in baggage included,3543
Jet Airways,2019-03-24,Kolkata,Banglore,06:30:00,22:35:00,965,1.0,In-flight meal not included,8824
Jet Airways,2019-06-01,Delhi,Cochin,11:00:00,14:15:00,195,0.0,In-flight meal not included,7202
Indigo,2019-05-12,Chennai,Kolkata,13:15:00,15:35:00,140,0.0,No Info,3597
Indigo,2019-06-15,Banglore,Delhi,06:05:00,08:50:00,165,0.0,No Info,4423
Indigo,2019-03-27,Kolkata,Banglore,10:10:00,12:55:00,165,0.0,No Info,4148
Jet Airways,2019-04-06,Delhi,Cochin,08:00:00,19:00:00,660,1.0,In-flight meal not included,5406
Air India,2019-03-24,Mumbai,Hyderabad,06:20:00,07:40:00,80,0.0,No Info,2575
Spicejet,2019-06-06,Delhi,Cochin,15:45:00,22:05:00,380,1.0,No Info,5583
Indigo,2019-04-01,Banglore,Delhi,16:55:00,19:55:00,180,0.0,No Info,4823
Jet Airways,2019-06-12,Delhi,Cochin,02:15:00,12:35:00,620,1.0,In-flight meal not included,10262
Jet Airways,2019-05-09,Kolkata,Banglore,16:30:00,10:05:00,1055,1.0,In-flight meal not included,8586
Multiple Carriers,2019-05-21,Delhi,Cochin,11:40:00,19:15:00,455,1.0,No Info,8266
Jet Airways,2019-04-09,Banglore,Delhi,18:55:00,22:00:00,185,0.0,No Info,7229
Air India,2019-03-03,Banglore,New Delhi,17:25:00,08:45:00,920,2.0,No Info,11570
Air India,2019-05-24,Kolkata,Banglore,09:10:00,04:40:00,1170,2.0,No Info,6117
Indigo,2019-06-15,Chennai,Kolkata,19:35:00,21:55:00,140,0.0,No Info,3597
Jet Airways,2019-05-06,Kolkata,Banglore,06:30:00,08:15:00,1545,1.0,No Info,13941
Indigo,2019-03-01,Mumbai,Hyderabad,09:10:00,10:40:00,90,0.0,No Info,13999
Indigo,2019-04-09,Delhi,Cochin,06:40:00,21:00:00,860,1.0,No Info,6093
Jet Airways,2019-06-09,Delhi,Cochin,09:40:00,12:35:00,1615,2.0,In-flight meal not included,10368
Spicejet,2019-06-06,Kolkata,Banglore,15:55:00,21:25:00,330,1.0,No Info,8224
Goair,2019-05-21,Delhi,Cochin,07:25:00,13:20:00,355,1.0,No Info,5842
Spicejet,2019-04-12,Kolkata,Banglore,06:55:00,09:30:00,155,0.0,No check-in baggage included,3841
Jet Airways,2019-05-21,Delhi,Cochin,11:30:00,12:35:00,1505,1.0,In-flight meal not included,12898
Indigo,2019-05-15,Delhi,Cochin,08:30:00,21:00:00,750,1.0,No Info,7503
Jet Airways,2019-04-06,Banglore,Delhi,06:00:00,08:45:00,165,0.0,In-flight meal not included,4544
Indigo,2019-05-15,Kolkata,Banglore,19:35:00,23:15:00,220,1.0,No Info,4226
Air India,2019-05-18,Delhi,Cochin,16:40:00,19:15:00,1595,2.0,No Info,9863
Jet Airways,2019-06-01,Mumbai,Hyderabad,02:55:00,04:20:00,85,0.0,In-flight meal not included,4050
Jet Airways,2019-03-06,Banglore,New Delhi,22:50:00,21:20:00,1350,1.0,No Info,17471
Air India,2019-06-06,Kolkata,Banglore,08:20:00,18:30:00,610,2.0,No Info,10697
Indigo,2019-06-27,Delhi,Cochin,10:35:00,21:00:00,625,1.0,No Info,5894
Spicejet,2019-04-06,Kolkata,Banglore,22:20:00,00:40:00,140,0.0,No Info,3873
Goair,2019-03-01,Banglore,New Delhi,20:55:00,23:50:00,175,0.0,No Info,18558
Jet Airways,2019-03-06,Banglore,New Delhi,21:25:00,11:25:00,840,1.0,No Info,17261
Multiple Carriers,2019-06-15,Delhi,Cochin,07:30:00,19:15:00,705,1.0,No Info,8614
Air India,2019-06-24,Delhi,Cochin,16:55:00,19:15:00,1580,2.0,No Info,13381
Air Asia,2019-06-12,Banglore,Delhi,23:55:00,02:45:00,170,0.0,No Info,3383
Air India,2019-06-24,Delhi,Cochin,19:45:00,19:15:00,1410,2.0,No Info,9443
Air India,2019-04-24,Delhi,Cochin,05:10:00,08:00:00,170,0.0,No Info,5201
Jet Airways,2019-06-09,Delhi,Cochin,07:05:00,12:35:00,330,1.0,In-flight meal not included,10262
Indigo,2019-06-09,Delhi,Cochin,11:25:00,21:00:00,575,1.0,No Info,6416
Air India,2019-03-15,Banglore,New Delhi,05:50:00,22:10:00,980,2.0,No Info,9796
Jet Airways,2019-06-12,Delhi,Cochin,19:15:00,12:35:00,1040,1.0,In-flight meal not included,10262
Spicejet,2019-03-27,Kolkata,Banglore,06:55:00,09:35:00,160,0.0,No check-in baggage included,3815
Multiple Carriers,2019-06-03,Delhi,Cochin,06:40:00,19:15:00,755,1.0,No Info,7354
Indigo,2019-05-06,Kolkata,Banglore,21:25:00,00:05:00,160,0.0,No Info,4804
Jet Airways,2019-04-06,Banglore,Delhi,18:55:00,22:00:00,185,0.0,In-flight meal not included,4544
Spicejet,2019-03-24,Mumbai,Hyderabad,13:10:00,14:30:00,80,0.0,No Info,2753
Indigo,2019-04-27,Delhi,Cochin,05:35:00,08:50:00,195,0.0,No Info,6015
Jet Airways,2019-06-06,Delhi,Cochin,18:25:00,04:25:00,600,2.0,No Info,14237
Jet Airways,2019-06-06,Delhi,Cochin,11:45:00,04:25:00,1000,2.0,No Info,13882
Spicejet,2019-03-09,Kolkata,Banglore,06:55:00,09:35:00,160,0.0,No Info,4622
Jet Airways,2019-06-06,Delhi,Cochin,15:00:00,19:00:00,1680,1.0,No Info,14714
Jet Airways,2019-06-27,Delhi,Cochin,20:00:00,04:25:00,505,2.0,No Info,16263
Spicejet,2019-05-15,Banglore,Delhi,05:55:00,08:35:00,160,0.0,No Info,3311
Air India,2019-05-24,Kolkata,Banglore,10:00:00,01:20:00,920,2.0,No Info,14083
Goair,2019-06-01,Banglore,Delhi,07:45:00,10:40:00,175,0.0,No Info,5048
Indigo,2019-04-06,Kolkata,Banglore,15:15:00,17:45:00,150,0.0,No Info,4174
Indigo,2019-03-01,Banglore,New Delhi,05:15:00,10:00:00,285,1.0,No Info,8064
Jet Airways,2019-06-12,Kolkata,Banglore,09:35:00,14:25:00,1730,1.0,No Info,12692
Jet Airways,2019-06-09,Mumbai,Hyderabad,19:35:00,21:05:00,90,0.0,No Info,5678
Indigo,2019-03-21,Delhi,Cochin,14:20:00,22:20:00,480,1.0,No Info,6528
Jet Airways,2019-05-21,Mumbai,Hyderabad,19:35:00,21:05:00,90,0.0,In-flight meal not included,3210
Goair,2019-05-09,Delhi,Cochin,10:35:00,19:35:00,540,1.0,No Info,6591
Jet Airways,2019-04-27,Banglore,Delhi,19:50:00,22:50:00,180,0.0,In-flight meal not included,4544
Jet Airways,2019-06-03,Banglore,Delhi,19:50:00,22:50:00,180,0.0,No Info,8016
Air India,2019-05-18,Delhi,Cochin,20:40:00,09:25:00,765,1.0,No Info,7480
Air India,2019-03-18,Banglore,New Delhi,10:30:00,17:45:00,435,2.0,No Info,13261
Multiple Carriers,2019-03-03,Delhi,Cochin,07:05:00,15:30:00,505,1.0,No Info,17057
Air Asia,2019-05-18,Delhi,Cochin,07:55:00,13:25:00,330,1.0,No Info,8759
Goair,2019-06-09,Delhi,Cochin,10:35:00,19:35:00,540,1.0,No Info,5281
Air India,2019-03-03,Delhi,Cochin,20:00:00,19:15:00,1395,2.0,No Info,17266
Spicejet,2019-06-06,Kolkata,Banglore,11:35:00,18:50:00,435,1.0,No Info,8479
Jet Airways,2019-06-24,Delhi,Cochin,14:35:00,04:25:00,830,2.0,No Info,13376
Multiple Carriers,2019-06-24,Delhi,Cochin,17:30:00,01:30:00,480,1.0,No Info,13377
Jet Airways,2019-04-24,Banglore,Delhi,07:10:00,10:10:00,180,0.0,In-flight meal not included,6144
Indigo,2019-03-15,Mumbai,Hyderabad,19:05:00,20:30:00,85,0.0,No Info,2754
Indigo,2019-04-12,Banglore,Delhi,10:10:00,13:00:00,170,0.0,No Info,4591
Goair,2019-03-01,Banglore,New Delhi,11:40:00,14:35:00,175,0.0,No Info,11111
Indigo,2019-05-18,Chennai,Kolkata,22:05:00,00:25:00,140,0.0,No Info,5277
Air India,2019-05-09,Delhi,Cochin,05:00:00,19:15:00,2295,2.0,No Info,9653
Multiple Carriers,2019-05-27,Delhi,Cochin,10:00:00,21:00:00,660,1.0,No Info,9718
Jet Airways,2019-06-01,Delhi,Cochin,22:50:00,12:35:00,825,1.0,In-flight meal not included,10262
Spicejet,2019-03-09,Banglore,New Delhi,20:30:00,23:20:00,170,0.0,No Info,5126
Vistara,2019-03-06,Mumbai,Hyderabad,11:55:00,09:25:00,1290,1.0,No Info,12395
Indigo,2019-03-27,Delhi,Cochin,08:25:00,21:00:00,755,1.0,No Info,8285
Jet Airways,2019-05-18,Banglore,Delhi,08:20:00,11:20:00,180,0.0,No Info,7229
Jet Airways,2019-05-24,Kolkata,Banglore,18:55:00,20:45:00,1550,1.0,In-flight meal not included,10844
Spicejet,2019-04-15,Kolkata,Banglore,22:20:00,00:40:00,140,0.0,No Info,3873
Indigo,2019-05-21,Mumbai,Hyderabad,12:00:00,13:30:00,90,0.0,No Info,2754
Air Asia,2019-05-01,Kolkata,Banglore,10:20:00,12:55:00,155,0.0,No Info,4409
Jet Airways,2019-06-06,Delhi,Cochin,05:30:00,12:35:00,425,2.0,In-flight meal not included,13344
Jet Airways,2019-06-03,Delhi,Cochin,19:15:00,12:35:00,1040,1.0,No Info,14714
Goair,2019-03-24,Banglore,New Delhi,07:45:00,10:40:00,175,0.0,No Info,5048
Indigo,2019-06-24,Chennai,Kolkata,11:35:00,14:00:00,145,0.0,No Info,3858
Jet Airways,2019-05-27,Delhi,Cochin,08:00:00,04:25:00,1225,1.0,In-flight meal not included,12898
Jet Airways,2019-06-09,Delhi,Cochin,14:35:00,12:35:00,1320,2.0,No Info,13376
Jet Airways,2019-06-03,Delhi,Cochin,11:30:00,04:25:00,1015,1.0,In-flight meal not included,11627
Jet Airways,2019-03-18,Banglore,New Delhi,11:40:00,10:25:00,1365,1.0,In-flight meal not included,11087
Jet Airways,2019-05-01,Kolkata,Banglore,06:30:00,18:15:00,705,1.0,In-flight meal not included,10844
Goair,2019-03-06,Delhi,Cochin,14:10:00,19:20:00,310,1.0,No Info,19495
Vistara,2019-03-06,Mumbai,Hyderabad,21:55:00,22:55:00,1500,1.0,No Info,12395
Spicejet,2019-06-21,Kolkata,Banglore,17:10:00,19:40:00,150,0.0,No Info,3873
Jet Airways,2019-05-03,Banglore,Delhi,19:50:00,22:50:00,180,0.0,In-flight meal not included,6144
Jet Airways,2019-05-15,Kolkata,Banglore,16:30:00,18:15:00,1545,1.0,In-flight meal not included,10844
Air India,2019-05-01,Kolkata,Banglore,12:00:00,11:10:00,1390,2.0,No Info,11148
Jet Airways,2019-03-21,Delhi,Cochin,06:20:00,04:25:00,1325,2.0,No Info,12273
Jet Airways,2019-03-06,Banglore,New Delhi,14:05:00,08:15:00,1090,1.0,In-flight meal not included,13502
Indigo,2019-05-01,Chennai,Kolkata,05:15:00,07:40:00,145,0.0,No Info,3850
Indigo,2019-05-18,Delhi,Cochin,16:00:00,01:30:00,570,1.0,No Info,7191
Jet Airways,2019-03-18,Banglore,New Delhi,05:45:00,10:45:00,300,1.0,No Info,12284
Jet Airways,2019-05-09,Delhi,Cochin,20:55:00,04:25:00,450,1.0,In-flight meal not included,12373
Multiple Carriers,2019-05-27,Delhi,Cochin,06:40:00,19:00:00,740,1.0,No Info,9315
Spicejet,2019-05-27,Chennai,Kolkata,17:45:00,20:05:00,140,0.0,No check-in baggage included,3543
Goair,2019-05-06,Kolkata,Banglore,23:30:00,07:45:00,495,1.0,No Info,7451
Air India,2019-05-09,Kolkata,Banglore,10:00:00,23:15:00,795,1.0,No Info,10203
Jet Airways,2019-06-24,Delhi,Cochin,21:50:00,04:25:00,395,1.0,No Info,14714
Jet Airways,2019-05-09,Delhi,Cochin,09:40:00,12:35:00,1615,2.0,No Info,15129
Indigo,2019-03-03,Chennai,Kolkata,07:55:00,10:15:00,140,0.0,No Info,7295
Jet Airways,2019-05-18,Delhi,Cochin,05:30:00,04:25:00,1375,2.0,No Info,15129
Jet Airways,2019-06-24,Delhi,Cochin,09:40:00,12:35:00,1615,2.0,No Info,13014
Jet Airways,2019-05-01,Kolkata,Banglore,21:10:00,10:05:00,775,1.0,In-flight meal not included,10844
Indigo,2019-03-03,Banglore,New Delhi,13:40:00,18:35:00,295,1.0,No Info,8662
Air India,2019-05-06,Banglore,Delhi,06:10:00,08:55:00,165,0.0,No Info,6121
Air India,2019-06-12,Kolkata,Banglore,10:00:00,13:45:00,1665,2.0,No Info,12224
Multiple Carriers,2019-05-15,Delhi,Cochin,15:15:00,01:30:00,615,1.0,No Info,7670
Jet Airways,2019-06-01,Delhi,Cochin,09:40:00,04:25:00,1125,2.0,No Info,13014
Indigo,2019-03-03,Delhi,Cochin,04:45:00,13:20:00,515,1.0,No Info,14871
Air India,2019-05-01,Kolkata,Banglore,19:00:00,11:05:00,965,1.0,No Info,6117
Multiple Carriers,2019-03-03,Delhi,Cochin,13:00:00,01:35:00,755,1.0,No Info,17493
Indigo,2019-06-21,Banglore,Delhi,20:00:00,22:50:00,170,0.0,No Info,4823
Indigo,2019-05-18,Delhi,Cochin,07:35:00,22:30:00,895,1.0,No Info,7144
Spicejet,2019-04-27,Banglore,Delhi,05:55:00,08:35:00,160,0.0,No check-in baggage included,4319
Indigo,2019-03-27,Delhi,Cochin,04:55:00,12:00:00,425,1.0,No Info,6171
Air India,2019-05-09,Kolkata,Banglore,14:30:00,12:30:00,1320,2.0,No Info,15107
Indigo,2019-06-27,Delhi,Cochin,05:05:00,12:10:00,425,1.0,No Info,6442
Vistara,2019-05-09,Chennai,Kolkata,07:05:00,09:20:00,135,0.0,No Info,3687
Jet Airways,2019-05-15,Kolkata,Banglore,20:25:00,19:10:00,1365,1.0,No Info,14151
Indigo,2019-06-15,Delhi,Cochin,08:30:00,21:00:00,750,1.0,No Info,6416
Indigo,2019-03-21,Delhi,Cochin,17:10:00,01:35:00,505,1.0,No Info,7318
Air India,2019-06-09,Kolkata,Banglore,05:50:00,23:15:00,1045,2.0,No Info,12723
Spicejet,2019-05-01,Kolkata,Banglore,06:55:00,09:30:00,155,0.0,No check-in baggage included,3841
Goair,2019-05-01,Kolkata,Banglore,16:40:00,00:15:00,455,1.0,No Info,6484
Multiple Carriers,2019-06-06,Delhi,Cochin,10:20:00,19:15:00,535,1.0,No Info,8266
Jet Airways,2019-03-09,Banglore,New Delhi,21:25:00,08:15:00,650,1.0,In-flight meal not included,9134
Air India,2019-03-03,Banglore,New Delhi,21:10:00,23:55:00,165,0.0,No Info,7591
Jet Airways,2019-05-21,Banglore,Delhi,06:00:00,08:45:00,165,0.0,No Info,7229
Jet Airways,2019-06-21,Mumbai,Hyderabad,08:45:00,10:15:00,90,0.0,In-flight meal not included,4995
Indigo,2019-03-21,Banglore,New Delhi,10:10:00,13:00:00,170,0.0,No Info,4777
Spicejet,2019-03-27,Chennai,Kolkata,17:45:00,20:05:00,140,0.0,No check-in baggage included,3332
Air India,2019-05-09,Delhi,Cochin,14:25:00,19:15:00,1730,2.0,No Info,13591
Indigo,2019-06-24,Delhi,Cochin,10:35:00,21:00:00,625,1.0,No Info,5894
Jet Airways,2019-04-09,Banglore,Delhi,15:50:00,18:45:00,175,0.0,No Info,7229
Jet Airways,2019-04-01,Banglore,Delhi,18:55:00,22:00:00,185,0.0,In-flight meal not included,4544
Jet Airways,2019-04-03,Banglore,Delhi,18:55:00,22:00:00,185,0.0,No Info,7229
Air Asia,2019-05-15,Kolkata,Banglore,15:10:00,23:30:00,500,2.0,No Info,5192
Indigo,2019-06-09,Kolkata,Banglore,15:10:00,20:30:00,320,1.0,No Info,7095
Jet Airways,2019-05-18,Delhi,Cochin,13:25:00,04:25:00,900,2.0,No Info,16704
Spicejet,2019-06-21,Chennai,Kolkata,08:20:00,10:35:00,135,0.0,No Info,3597
Jet Airways,2019-03-21,Delhi,Cochin,19:10:00,04:25:00,1995,2.0,No Info,10929
Jet Airways,2019-05-18,Delhi,Cochin,13:25:00,04:25:00,900,2.0,No Info,16704
Air India,2019-03-01,Banglore,New Delhi,11:50:00,13:00:00,1510,1.0,1 Long layover,15434
Multiple Carriers,2019-06-01,Delhi,Cochin,19:00:00,01:30:00,390,1.0,No Info,7530
Jet Airways,2019-05-01,Kolkata,Banglore,09:35:00,23:35:00,840,1.0,No Info,13067
Air India,2019-06-01,Delhi,Cochin,22:00:00,19:15:00,1275,2.0,No Info,10441
Vistara,2019-05-01,Kolkata,Banglore,20:20:00,23:25:00,1625,1.0,No Info,8085
Jet Airways,2019-05-09,Kolkata,Banglore,06:30:00,18:15:00,705,1.0,In-flight meal not included,10844
Air India,2019-06-09,Kolkata,Banglore,09:25:00,05:35:00,1210,2.0,No Info,11642
Jet Airways,2019-05-24,Kolkata,Banglore,20:25:00,14:25:00,1080,1.0,In-flight meal not included,10703
Air India,2019-06-01,Delhi,Cochin,10:00:00,19:15:00,555,1.0,No Info,9929
Indigo,2019-04-01,Kolkata,Banglore,15:30:00,18:05:00,155,0.0,No Info,4174
Air India,2019-05-24,Kolkata,Banglore,10:00:00,20:25:00,625,1.0,No Info,10413
Indigo,2019-06-09,Kolkata,Banglore,21:25:00,00:05:00,160,0.0,No Info,4804
Multiple Carriers,2019-05-27,Delhi,Cochin,14:00:00,21:00:00,420,1.0,In-flight meal not included,7153
Indigo,2019-03-12,Kolkata,Banglore,15:10:00,17:45:00,155,0.0,No Info,4148
Spicejet,2019-06-18,Banglore,Delhi,21:10:00,00:05:00,175,0.0,No Info,3971
Jet Airways,2019-06-06,Banglore,Delhi,07:10:00,10:10:00,180,0.0,In-flight meal not included,6478
Air Asia,2019-06-12,Kolkata,Banglore,19:55:00,22:25:00,150,0.0,No Info,3807
Indigo,2019-04-15,Banglore,Delhi,04:00:00,06:50:00,170,0.0,No Info,4423
Air India,2019-03-15,Banglore,New Delhi,10:00:00,12:45:00,165,0.0,No Info,7276
Jet Airways,2019-03-09,Banglore,New Delhi,08:00:00,21:20:00,800,1.0,In-flight meal not included,11087
Goair,2019-04-01,Delhi,Cochin,07:25:00,13:35:00,370,1.0,No Info,4563
Jet Airways,2019-05-09,Kolkata,Banglore,17:00:00,18:00:00,1500,1.0,In-flight meal not included,7341
Spicejet,2019-05-06,Kolkata,Banglore,11:35:00,18:50:00,435,1.0,No Info,8479
Multiple Carriers,2019-05-27,Delhi,Cochin,07:10:00,22:30:00,920,1.0,No Info,7878
Air India,2019-03-01,Banglore,New Delhi,00:30:00,23:55:00,1405,1.0,1 Long layover,12599
Jet Airways,2019-04-01,Kolkata,Banglore,06:30:00,19:50:00,800,1.0,No Info,12681
Multiple Carriers,2019-05-06,Delhi,Cochin,19:00:00,01:30:00,390,1.0,No Info,8073
Jet Airways,2019-05-09,Delhi,Cochin,19:10:00,19:00:00,1430,2.0,No Info,15129
Air India,2019-06-24,Banglore,Delhi,10:00:00,12:45:00,165,0.0,No Info,6961
Goair,2019-04-01,Banglore,Delhi,20:55:00,23:40:00,165,0.0,No Info,4239
Air India,2019-06-12,Delhi,Cochin,06:50:00,07:40:00,1490,2.0,No Info,13381
Multiple Carriers,2019-03-09,Delhi,Cochin,09:45:00,21:20:00,695,2.0,No Info,10090
Spicejet,2019-04-09,Kolkata,Banglore,17:10:00,19:40:00,150,0.0,No Info,3873
Goair,2019-04-18,Banglore,Delhi,07:45:00,10:40:00,175,0.0,No Info,5048
Indigo,2019-04-18,Banglore,Delhi,04:00:00,06:50:00,170,0.0,No Info,4423
Jet Airways,2019-05-09,Delhi,Cochin,23:05:00,12:35:00,810,2.0,No Info,15129
Air India,2019-03-21,Delhi,Cochin,23:00:00,19:15:00,1215,1.0,No Info,6745
Jet Airways,2019-06-09,Delhi,Cochin,19:30:00,12:35:00,1025,2.0,No Info,13014
Multiple Carriers,2019-06-03,Delhi,Cochin,12:50:00,21:00:00,490,1.0,No Info,7740
Air India,2019-06-09,Delhi,Cochin,09:45:00,09:25:00,1420,1.0,No Info,7690
Spicejet,2019-05-24,Kolkata,Banglore,15:05:00,20:20:00,315,1.0,No Info,4649
Air India,2019-05-12,Chennai,Kolkata,11:40:00,13:55:00,135,0.0,No Info,4667
Jet Airways,2019-03-06,Delhi,Cochin,21:50:00,04:25:00,395,1.0,In-flight meal not included,13843
Vistara,2019-05-15,Kolkata,Banglore,20:20:00,20:20:00,1440,1.0,No Info,8610
Indigo,2019-06-06,Banglore,Delhi,08:30:00,11:20:00,170,0.0,No Info,4823
Jet Airways,2019-03-12,Banglore,New Delhi,22:55:00,13:15:00,860,1.0,In-flight meal not included,11087
Air India,2019-03-12,Banglore,New Delhi,11:50:00,08:55:00,1265,1.0,No Info,11707
Jet Airways,2019-06-24,Delhi,Cochin,14:35:00,12:35:00,1320,2.0,No Info,13376
Air India,2019-05-01,Kolkata,Banglore,09:50:00,23:15:00,805,2.0,No Info,13227
Jet Airways,2019-03-24,Banglore,New Delhi,18:55:00,21:55:00,180,0.0,No Info,7229
Indigo,2019-06-06,Delhi,Cochin,08:35:00,22:30:00,835,1.0,No Info,6442
Air India,2019-05-18,Kolkata,Banglore,10:00:00,01:20:00,920,2.0,No Info,13243
Air India,2019-05-24,Kolkata,Banglore,09:50:00,21:05:00,675,1.0,No Info,7662
Air India,2019-05-15,Delhi,Cochin,10:00:00,19:15:00,555,1.0,No Info,8372
Multiple Carriers,2019-06-12,Delhi,Cochin,10:00:00,01:30:00,930,1.0,No Info,13377
Multiple Carriers,2019-06-09,Delhi,Cochin,07:00:00,19:00:00,720,1.0,No Info,12192
Indigo,2019-06-27,Banglore,Delhi,22:10:00,01:00:00,170,0.0,No Info,3419
Air India,2019-03-15,Banglore,New Delhi,05:50:00,12:05:00,1815,2.0,No Info,7664
Jet Airways,2019-05-06,Kolkata,Banglore,17:00:00,23:35:00,395,1.0,In-flight meal not included,10703
Air India,2019-03-01,Banglore,New Delhi,06:45:00,09:25:00,1600,2.0,2 Long layover,26480
Multiple Carriers,2019-05-15,Delhi,Cochin,10:00:00,21:00:00,660,1.0,No Info,8073
Indigo,2019-03-27,Delhi,Cochin,10:45:00,01:35:00,890,1.0,No Info,6628
Air India,2019-06-24,Delhi,Cochin,09:00:00,19:15:00,615,1.0,No Info,9404
Jet Airways,2019-03-21,Delhi,Cochin,19:10:00,18:50:00,1420,2.0,In-flight meal not included,6643
Air India,2019-06-27,Delhi,Cochin,05:10:00,08:00:00,170,0.0,No Info,5201
Multiple Carriers,2019-05-09,Delhi,Cochin,14:55:00,22:30:00,455,1.0,No Info,6805
Jet Airways,2019-05-18,Banglore,Delhi,15:15:00,18:10:00,175,0.0,In-flight meal not included,4544
Multiple Carriers,2019-06-09,Delhi,Cochin,04:55:00,12:35:00,460,1.0,No Info,10877
Indigo,2019-04-18,Banglore,Delhi,06:05:00,08:50:00,165,0.0,No Info,4591
Air India,2019-04-06,Delhi,Cochin,06:05:00,09:25:00,1640,1.0,No Info,4487
Multiple Carriers,2019-05-15,Delhi,Cochin,07:30:00,19:00:00,690,1.0,No Info,10529
Air India,2019-05-27,Banglore,Delhi,17:00:00,19:45:00,165,0.0,No Info,6961
Multiple Carriers,2019-06-12,Delhi,Cochin,08:45:00,19:15:00,630,1.0,No Info,8266
Air India,2019-06-24,Delhi,Cochin,03:50:00,19:15:00,925,1.0,No Info,8669
Jet Airways,2019-06-15,Delhi,Cochin,09:40:00,04:25:00,1125,2.0,No Info,13014
Jet Airways,2019-06-21,Mumbai,Hyderabad,19:35:00,21:05:00,90,0.0,No Info,5678
Air India,2019-05-06,Delhi,Cochin,22:00:00,19:15:00,1275,2.0,No Info,11701
Jet Airways,2019-06-12,Kolkata,Banglore,20:00:00,09:20:00,800,1.0,No Info,13044
Jet Airways,2019-05-18,Kolkata,Banglore,18:55:00,09:20:00,865,1.0,In-flight meal not included,9663
Jet Airways,2019-06-12,Delhi,Cochin,18:25:00,12:35:00,1090,2.0,No Info,14237
Indigo,2019-05-01,Kolkata,Banglore,07:10:00,12:40:00,330,1.0,No Info,6111
Air India,2019-03-21,Delhi,Cochin,12:30:00,09:25:00,1255,1.0,No Info,6482
Jet Airways,2019-03-01,Banglore,New Delhi,14:05:00,00:45:00,640,1.0,No Info,26890
Air India,2019-06-03,Delhi,Cochin,17:20:00,09:25:00,965,1.0,No Info,7480
Indigo,2019-03-24,Banglore,New Delhi,21:20:00,00:15:00,175,0.0,No Info,6144
Multiple Carriers,2019-03-06,Delhi,Cochin,07:05:00,15:30:00,505,1.0,No Info,17267
Indigo,2019-06-06,Kolkata,Banglore,04:40:00,07:15:00,155,0.0,No Info,4804
Jet Airways,2019-03-01,Banglore,New Delhi,11:40:00,07:40:00,1200,1.0,No Info,22270
Jet Airways,2019-06-03,Delhi,Cochin,02:15:00,19:00:00,1005,1.0,In-flight meal not included,10262
Jet Airways,2019-03-06,Banglore,New Delhi,08:00:00,08:15:00,1455,1.0,No Info,17996
Spicejet,2019-06-12,Banglore,Delhi,05:55:00,08:35:00,160,0.0,No Info,4423
Jet Airways,2019-03-18,Banglore,New Delhi,05:45:00,18:25:00,760,1.0,No Info,12284
Air India,2019-06-09,Delhi,Cochin,20:40:00,09:25:00,765,1.0,No Info,7690
Indigo,2019-06-27,Kolkata,Banglore,15:15:00,17:45:00,150,0.0,No Info,4804
Multiple Carriers,2019-03-27,Delhi,Cochin,07:30:00,19:15:00,705,1.0,No Info,9100
Vistara,2019-06-15,Banglore,Delhi,09:45:00,12:35:00,170,0.0,No Info,4878
Air India,2019-06-01,Delhi,Cochin,19:00:00,19:15:00,1455,1.0,No Info,8792
Jet Airways,2019-04-06,Banglore,Delhi,15:15:00,18:10:00,175,0.0,No Info,7229
Multiple Carriers,2019-05-18,Delhi,Cochin,07:10:00,16:10:00,540,1.0,No Info,7038
Spicejet,2019-04-06,Banglore,Delhi,09:30:00,12:20:00,170,0.0,No Info,4423
Jet Airways,2019-03-21,Banglore,New Delhi,11:40:00,23:00:00,680,1.0,In-flight meal not included,6992
Air India,2019-05-01,Chennai,Kolkata,11:40:00,13:55:00,135,0.0,No Info,4667
Indigo,2019-05-06,Banglore,Delhi,21:15:00,00:15:00,180,0.0,No Info,3943
